,trial,attempt,time_played,time_tag,level_size_y,player_pos,collision,current_input,drift_enabled,current_drift,level_done,input_noise_magnitude,input_noise_on,visible_obstacles,adjacent_wall_tiles_x_pos,visible_drift_tiles,SoC,gaze_x,gaze_y
0,1,2,0.0009999999999763531,,13518,"[954, -86]",False,,True,0.0,False,very_strong,False,[],,[],,0.42356444825233863,0.18043391022077704
1,1,2,0.016000000000076398,,13518,"[954, -82]",False,,True,0.0,False,very_strong,False,[],,[],,0.42763519027108493,0.18180392841264803
2,1,2,0.03300000000012915,,13518,"[954, -78]",False,,True,0.0,False,very_strong,False,[],,[],,0.42763519027108493,0.18180392841264803
3,1,2,0.049999999999954525,,13518,"[954, -74]",False,,True,0.0,False,very_strong,False,[],,[],,0.4300818213971683,0.17948867408807745
4,1,2,0.06700000000000728,,13518,"[954, -70]",False,,True,0.0,False,very_strong,False,[],,[],,0.4300818213971683,0.17948867408807745
5,1,2,0.08500000000003638,,13518,"[954, -66]",False,,True,0.0,False,very_strong,False,[],,[],,0.4262983771717986,0.1466489676647722
6,1,2,0.10100000000011278,,13518,"[954, -62]",False,,True,0.0,False,very_strong,False,[],,[],,0.4262983771717986,0.1466489676647722
7,1,2,0.11800000000016553,,13518,"[954, -58]",False,,True,0.0,False,very_strong,False,[],,[],,0.48355805055153367,0.1343482836125497
8,1,2,0.13400000000001455,,13518,"[954, -54]",False,,True,0.0,False,very_strong,False,[],,[],,0.48355805055153367,0.1343482836125497
9,1,2,0.1510000000000673,,13518,"[954, -50]",False,,True,0.0,False,very_strong,False,[],,[],,0.47977236443560295,0.10410845360928422
10,1,2,0.16800000000012005,,13518,"[954, -46]",False,,True,0.0,False,very_strong,False,[],,[],,0.47977236443560295,0.10410845360928422
11,1,2,0.18399999999996908,,13518,"[954, -42]",False,,True,0.0,False,very_strong,False,[],,[],,0.35631995084447243,0.11946339050377985
12,1,2,0.20000000000004547,,13518,"[954, -38]",False,,True,0.0,False,very_strong,False,[],,[],,0.35631995084447243,0.11946339050377985
13,1,2,0.21700000000009823,,13518,"[954, -34]",False,,True,0.0,False,very_strong,False,[],,[],,0.42405970563164674,-0.013604826335494868
14,1,2,0.23400000000015098,,13518,"[954, -30]",False,,True,0.0,False,very_strong,False,[],,[],,0.42405970563164674,-0.013604826335494868
15,1,2,0.25,,13518,"[954, -26]",False,,True,0.0,False,very_strong,False,[],,[],,0.3603877265941929,0.14404227690837546
16,1,2,0.26700000000005275,,13518,"[954, -22]",False,,True,0.0,False,very_strong,False,[],,[],,0.3603877265941929,0.14404227690837546
17,1,2,0.2820000000001528,,13518,"[954, -18]",False,,True,0.0,False,very_strong,False,[],,[],,0.3619039213338248,0.15238154292565287
18,1,2,0.29899999999997817,,13518,"[954, -14]",False,,True,0.0,False,very_strong,False,[],,[],,0.3619039213338248,0.15238154292565287
19,1,2,0.3160000000000309,,13518,"[954, -10]",False,,True,0.0,False,very_strong,False,[],,[],,0.41296027353025944,-0.12975147538302734
20,1,2,0.3320000000001073,,13518,"[954, -6]",False,,True,0.0,False,very_strong,False,[],,[],,0.41296027353025944,-0.12975147538302734
21,1,2,0.34799999999995634,,13518,"[954, -2]",False,,True,0.0,False,very_strong,False,[],,[],,0.35894256997521456,0.14466218242701145
22,1,2,0.36400000000003274,,13518,"[954, 2]",False,,True,0.0,False,very_strong,False,[],,[],,0.35894256997521456,0.14466218242701145
23,1,2,0.3810000000000855,,13518,"[954, 6]",False,,True,0.0,False,very_strong,False,[],,[],,0.35894256997521456,0.14466218242701145
24,1,2,0.3970000000001619,,13518,"[954, 10]",False,,True,0.0,False,very_strong,False,[],,[],,0.36025521606831146,-0.05727236040685235
25,1,2,0.4130000000000109,,13518,"[954, 14]",False,,True,0.0,False,very_strong,False,[],,[],,0.3651853934872892,-0.04918337309124188
26,1,2,0.4290000000000873,,13518,"[954, 18]",False,,True,0.0,False,very_strong,False,[],,[],,0.35848811499948824,-0.04258108163124308
27,1,2,0.4450000000001637,,13518,"[954, 22]",False,,True,0.0,False,very_strong,False,[],,[],,0.35264182074166206,-0.04399657345804342
28,1,2,0.46100000000001273,,13518,"[954, 26]",False,,True,0.0,False,very_strong,False,[],,[],,0.34777247125665633,-0.05351508280382
29,1,2,0.4780000000000655,,13518,"[954, 30]",False,,True,0.0,False,very_strong,False,[],,[],,0.34777247125665633,-0.05351508280382
30,1,2,0.49500000000011823,,13518,"[954, 34]",False,,True,0.0,False,very_strong,False,[],,[],,0.3582716131264932,-0.04730386770928585
31,1,2,0.5099999999999909,,13518,"[954, 38]",False,,True,0.0,False,very_strong,False,[],,[],,0.3582716131264932,-0.04730386770928585
32,1,2,0.5260000000000673,,13518,"[954, 42]",False,,True,0.0,False,very_strong,False,[],,[],,0.35735373867251913,-0.04091773321746772
33,1,2,0.54300000000012,,13518,"[954, 46]",False,,True,0.0,False,very_strong,False,[],,[],,0.35735373867251913,-0.04091773321746772
34,1,2,0.5589999999999691,,13518,"[954, 50]",False,,True,0.0,False,very_strong,False,[],,[],,0.377625903699822,0.14575903006598945
35,1,2,0.5760000000000218,,13518,"[954, 54]",False,,True,0.0,False,very_strong,False,[],,[],,0.377625903699822,0.14575903006598945
36,1,2,0.5930000000000746,,13518,"[954, 58]",False,,True,0.0,False,very_strong,False,[],,[],,0.35755156906527163,0.14526190622580404
37,1,2,0.6100000000001273,,13518,"[954, 62]",False,,True,0.0,False,very_strong,False,[],,[],,0.35755156906527163,0.14526190622580404
38,1,2,0.6269999999999527,,13518,"[954, 66]",False,,True,0.0,False,very_strong,False,[],,[],,0.3612277660358169,0.1379834641754235
39,1,2,0.6440000000000055,,13518,"[954, 70]",False,,True,0.0,False,very_strong,False,[],,[],,0.3612277660358169,0.1379834641754235
40,1,2,0.6610000000000582,,13518,"[954, 74]",False,,True,0.0,False,very_strong,False,[],,[],,0.3856679861612803,0.13920585760679627
41,1,2,0.678000000000111,,13518,"[954, 78]",False,,True,0.0,False,very_strong,False,[],,[],,0.3856679861612803,0.13920585760679627
42,1,2,0.6950000000001637,,13518,"[954, 82]",False,,True,0.0,False,very_strong,False,[],,[],,0.422071272548064,0.16228606361675546
43,1,2,0.7119999999999891,,13518,"[954, 86]",False,,True,0.0,False,very_strong,False,[],,[],,0.422071272548064,0.16228606361675546
44,1,2,0.7280000000000655,,13518,"[954, 90]",False,,True,0.0,False,very_strong,False,[],,[],,0.43895371232730634,-0.07331070055375966
45,1,2,0.7440000000001419,,13518,"[954, 94]",False,,True,0.0,False,very_strong,False,[],,[],,0.43895371232730634,-0.07331070055375966
46,1,2,0.7599999999999909,,13518,"[954, 98]",False,,True,0.0,False,very_strong,False,[],,[],,0.43994639411348696,0.16087249371238244
47,1,2,0.7760000000000673,,13518,"[954, 102]",False,,True,0.0,False,very_strong,False,[],,[],,0.43994639411348696,0.16087249371238244
48,1,2,0.7920000000001437,,13518,"[954, 106]",False,,True,0.0,False,very_strong,False,[],,[],,0.09256221866403277,-0.16256153656792316
49,1,2,0.8089999999999691,,13518,"[954, 110]",False,,True,0.0,False,very_strong,False,[],,[],,0.09256221866403277,-0.16256153656792316
50,1,2,0.8260000000000218,,13518,"[954, 114]",False,,True,0.0,False,very_strong,False,[],,[],,0.0876595164105729,-0.1693450347399026
51,1,2,0.8430000000000746,,13518,"[954, 118]",False,,True,0.0,False,very_strong,False,[],,[],,0.0876595164105729,-0.1693450347399026
52,1,2,0.8600000000001273,,13518,"[954, 122]",False,,True,0.0,False,very_strong,False,[],,[],,0.46985594768164096,0.16197772332881943
53,1,2,0.8759999999999764,,13518,"[954, 126]",False,,True,0.0,False,very_strong,False,[],,[],,0.46985594768164096,0.16197772332881943
54,1,2,0.8920000000000528,,13518,"[954, 130]",False,,True,0.0,False,very_strong,False,[],,[],,0.480703957829673,0.1975074971101337
55,1,2,0.9090000000001055,,13518,"[954, 134]",False,,True,0.0,False,very_strong,False,[],,[],,0.480703957829673,0.1975074971101337
56,1,2,0.9260000000001583,,13518,"[954, 138]",False,,True,0.0,False,very_strong,False,[],,[],,0.47310796802294497,0.27955520559863056
57,1,2,0.9429999999999836,,13518,"[954, 142]",False,,True,0.0,False,very_strong,False,[],,[],,0.47310796802294497,0.27955520559863056
58,1,2,0.95900000000006,,13518,"[954, 146]",False,,True,0.0,False,very_strong,False,[],,[],,0.46350770391624974,0.26763243226033495
59,1,2,0.9760000000001128,,13518,"[954, 150]",False,,True,0.0,False,very_strong,False,[],,[],,0.46350770391624974,0.26763243226033495
60,1,2,0.9930000000001655,,13518,"[954, 154]",False,,True,0.0,False,very_strong,False,[],,[],,0.4613575281287384,0.2693211688620304
61,1,2,1.0090000000000146,,13518,"[954, 158]",False,,True,0.0,False,very_strong,False,[],,[],,0.4613575281287384,0.2693211688620304
62,1,2,1.0260000000000673,,13518,"[954, 162]",False,,True,0.0,False,very_strong,False,[],,[],,0.4595888067585216,0.2654951059822478
63,1,2,1.04300000000012,,13518,"[954, 166]",False,,True,0.0,False,very_strong,False,[],,[],,0.4595888067585216,0.2654951059822478
64,1,2,1.0599999999999454,,13518,"[954, 170]",False,,True,0.0,False,very_strong,False,[],,[],,0.4591815271205478,0.2592499346325594
65,1,2,1.0760000000000218,,13518,"[954, 174]",False,,True,0.0,False,very_strong,False,[],,[],,0.4591815271205478,0.2592499346325594
66,1,2,1.0930000000000746,,13518,"[954, 178]",False,,True,0.0,False,very_strong,False,[],,[],,0.4609332630922882,0.2542235941773746
67,1,2,1.109000000000151,,13518,"[954, 182]",False,,True,0.0,False,very_strong,False,[],,[],,0.4609332630922882,0.2542235941773746
68,1,2,1.1259999999999764,,13518,"[954, 186]",False,,True,0.0,False,very_strong,False,[],,[],,0.45673199074421955,0.2599734694906862
69,1,2,1.143000000000029,,13518,"[954, 190]",False,,True,0.0,False,very_strong,False,[],,[],,0.45673199074421955,0.2599734694906862
70,1,2,1.1590000000001055,,13518,"[954, 194]",False,,True,0.0,False,very_strong,False,[],,[],,0.453845330373816,0.2823110371755465
71,1,2,1.1749999999999545,,13518,"[954, 198]",False,,True,0.0,False,very_strong,False,[],,[],,0.453845330373816,0.2823110371755465
72,1,2,1.1920000000000073,,13518,"[954, 202]",False,,True,0.0,False,very_strong,False,[],,[],,0.451545214199305,0.28549431022125815
73,1,2,1.20900000000006,,13518,"[954, 206]",False,,True,0.0,False,very_strong,False,[],,[],,0.45050670167815243,0.28701204065903885
74,1,2,1.2250000000001364,,13518,"[954, 210]",False,,True,0.0,False,very_strong,False,[],,[],,0.4491234672409005,0.2885112210035766
75,1,2,1.2419999999999618,,13518,"[954, 214]",False,,True,0.0,False,very_strong,False,[],,[],,0.4491234672409005,0.2885112210035766
76,1,2,1.2580000000000382,,13518,"[954, 218]",False,,True,0.0,False,very_strong,False,[],,[],,0.44908422412914034,0.28884383294745064
77,1,2,1.275000000000091,,13518,"[954, 222]",False,,True,0.0,False,very_strong,False,[],,[],,0.44908422412914034,0.28884383294745064
78,1,2,1.2910000000001673,,13518,"[954, 226]",False,,True,0.0,False,very_strong,False,[],,[],,0.4492567875869737,0.2834951978975605
79,1,2,1.3070000000000164,,13518,"[954, 230]",False,,True,0.0,False,very_strong,False,[],,[],,0.4492567875869737,0.2834951978975605
80,1,2,1.3230000000000928,,13518,"[954, 234]",False,,True,0.0,False,very_strong,False,[],,[],,0.5540550755194188,0.24152992529915263
81,1,2,1.3390000000001692,,13518,"[954, 238]",False,,True,0.0,False,very_strong,False,[],,[],,0.5540550755194188,0.24152992529915263
82,1,2,1.3550000000000182,,13518,"[954, 242]",False,,True,0.0,False,very_strong,False,[],,[],,0.6185415773061385,0.21608262625438723
83,1,2,1.3730000000000473,,13518,"[954, 246]",False,,True,0.0,False,very_strong,False,[],,[],,0.6185415773061385,0.21608262625438723
84,1,2,1.3880000000001473,,13518,"[954, 250]",False,,True,0.0,False,very_strong,False,[],,[],,0.6709308696798421,0.1653403771413955
85,1,2,1.4049999999999727,,13518,"[954, 254]",False,,True,0.0,False,very_strong,False,[],,[],,0.7017118000285466,0.18517562070145077
86,1,2,1.4210000000000491,,13518,"[954, 258]",False,,True,0.0,False,very_strong,False,[],,[],,0.7134799931398647,0.16502527073030537
87,1,2,1.4380000000001019,,13518,"[954, 262]",False,,True,0.0,False,very_strong,False,[],,[],,0.7153641017142853,0.15457019828686325
88,1,2,1.4550000000001546,,13518,"[954, 266]",False,,True,0.0,False,very_strong,False,[],,[],,0.7165812360825173,0.15043988049126444
89,1,2,1.4710000000000036,,13518,"[954, 270]",False,,True,0.0,False,very_strong,False,[],,[],,0.7176689426101881,0.14219480536228968
90,1,2,1.4880000000000564,,13518,"[954, 270]",False,,True,0.0,False,very_strong,False,[],,[],,0.7168497637097988,0.13805469074345444
91,1,2,1.5070000000000618,,13518,"[954, 270]",False,,True,0.0,False,very_strong,False,[],,[],,0.7160132946902419,0.13296219696277944
92,1,2,1.5230000000001382,,13518,"[954, 270]",False,,True,0.0,False,very_strong,False,[],,[],,0.7149691414083845,0.12095100234302092
93,1,2,1.5399999999999636,,13518,"[954, 270]",False,,True,0.0,False,very_strong,False,[],,[],,0.7149691414083845,0.12095100234302092
94,1,2,1.5570000000000164,,13518,"[954, 270]",False,,True,0.0,False,very_strong,False,[],,[],,0.7141237998619583,0.1141280534621234
95,1,2,1.5740000000000691,,13518,"[954, 270]",False,,True,0.0,False,very_strong,False,[],,[],,0.7130175363559135,0.10669514063570995
96,1,2,1.5900000000001455,,13518,"[954, 270]",False,,True,0.0,False,very_strong,False,[],,[],,0.7112372202812731,0.10266925839337693
97,1,2,1.606999999999971,,13518,"[954, 270]",False,,True,0.0,False,very_strong,False,[],,[],,0.7103663962899885,0.10108390184321825
98,1,2,1.6230000000000473,,13518,"[954, 270]",False,,True,0.0,False,very_strong,False,[],,[],,0.7087559348956416,0.0988945616708351
99,1,2,1.6390000000001237,,13518,"[954, 270]",False,,True,0.0,False,very_strong,False,[],,[],,0.7076614461214715,0.09673920910566225
100,1,2,1.655999999999949,,13518,"[954, 270]",False,,True,0.0,False,very_strong,False,[],,[],,0.7065552062696031,0.09525725736689661
101,1,2,1.6720000000000255,,13518,"[954, 270]",False,,True,0.0,False,very_strong,False,[],,[],,0.7059790602635845,0.09389922802446082
102,1,2,1.6890000000000782,,13518,"[954, 270]",False,,True,0.0,False,very_strong,False,[],,[],,0.705425451866768,0.09197163987867485
103,1,2,1.7050000000001546,,13518,"[954, 270]",False,,True,0.0,False,very_strong,False,[],,[],,0.7054884957162836,0.09143006949309973
104,1,2,1.7210000000000036,,13518,"[954, 270]",False,,True,0.0,False,very_strong,False,[],,[],,0.7056287514761918,0.09211967133289267
105,1,2,1.73700000000008,,13518,"[954, 270]",False,,True,0.0,False,very_strong,False,[],,[],,0.706040317903755,0.09186747458656286
106,1,2,1.7540000000001328,,13518,"[954, 270]",False,,True,0.0,False,very_strong,False,[],,[],,0.7071667741962588,0.09165785248010738
107,1,2,1.7709999999999582,,13518,"[954, 270]",False,,True,0.0,False,very_strong,False,[],,[],,0.7075388044093749,0.0940239633186164
108,1,2,1.788000000000011,,13518,"[954, 270]",False,,True,0.0,False,very_strong,False,[],,[],,0.7072060607770517,0.09692779361321047
109,1,2,1.8040000000000873,,13518,"[954, 270]",False,,True,0.0,False,very_strong,False,[],,[],,0.6929015845323803,0.08600296141295172
110,1,2,1.82100000000014,,13518,"[954, 270]",False,,True,0.0,False,very_strong,False,[],,[],,0.6762573902608477,0.10659464852642087
111,1,2,1.836999999999989,,13518,"[954, 270]",False,,True,0.0,False,very_strong,False,[],,[],,0.5318715502304961,0.11193995426935699
112,1,2,1.8540000000000418,,13518,"[954, 270]",False,,True,0.0,False,very_strong,False,[],,[],,0.5204874281196008,0.12528747202841073
113,1,2,1.8700000000001182,,13518,"[954, 270]",False,,True,0.0,False,very_strong,False,[],,[],,0.49590358007244645,0.11397694243788592
114,1,2,1.8869999999999436,,13518,"[954, 270]",False,,True,0.0,False,very_strong,False,[],,[],,0.49590358007244645,0.11397694243788592
115,1,2,1.9039999999999964,,13518,"[954, 270]",False,,True,0.0,False,very_strong,False,[],,[],,0.4472901067289218,0.0922828999636579
116,1,2,1.9210000000000491,,13518,"[954, 270]",False,,True,0.0,False,very_strong,False,[],,[],,0.44467706789504147,0.08959594914018365
117,1,2,1.9370000000001255,,13518,"[954, 270]",False,,True,0.0,False,very_strong,False,[],,[],,0.438793740448426,0.09186551919783625
118,1,2,1.9529999999999745,,13518,"[954, 270]",False,,True,0.0,False,very_strong,False,[],,[],,0.438793740448426,0.09186551919783625
119,1,2,1.9700000000000273,,13518,"[954, 270]",False,,True,0.0,False,very_strong,False,[],,[],,0.43594597424062015,0.08293443684783419
120,1,2,1.9880000000000564,,13518,"[954, 270]",False,,True,0.0,False,very_strong,False,[],,[],,0.43594597424062015,0.08293443684783419
121,1,2,2.004000000000133,,13518,"[954, 270]",False,,True,0.0,False,very_strong,False,[],,[],,0.4368732830454981,0.08983057445035947
122,1,2,2.020999999999958,,13518,"[954, 270]",False,,True,0.0,False,very_strong,False,[],,[],,0.4371950153174827,0.09121104917469758
123,1,2,2.038000000000011,,13518,"[954, 270]",False,,True,0.0,False,very_strong,False,[],,[],,0.43850831738099644,0.09451790272297844
124,1,2,2.0550000000000637,,13518,"[954, 270]",False,,True,0.0,False,very_strong,False,[],,[],,0.4387262602744613,0.09568056567744665
125,1,2,2.07100000000014,,13518,"[954, 270]",False,,True,0.0,False,very_strong,False,[],,[],,0.4369462485070693,0.10274951906296348
126,1,2,2.0879999999999654,,13518,"[954, 270]",False,,True,0.0,False,very_strong,False,[],,[],,0.4369462485070693,0.10274951906296348
127,1,2,2.105000000000018,,13518,"[954, 270]",False,,True,0.0,False,very_strong,False,[],,[],,0.4359996636563799,0.10887176835888446
128,1,2,2.1210000000000946,,13518,"[954, 270]",False,,True,0.0,False,very_strong,False,[],,[],,0.4359360047372989,0.1094775511477265
129,1,2,2.1380000000001473,,13518,"[954, 270]",False,,True,0.0,False,very_strong,False,[],,[],,0.4348507511742956,0.11333607088480668
130,1,2,2.1549999999999727,,13518,"[954, 270]",False,,True,0.0,False,very_strong,False,[],,[],,0.4348507511742956,0.11333607088480668
131,1,2,2.171000000000049,,13518,"[954, 270]",False,,True,0.0,False,very_strong,False,[],,[],,0.43735309165867403,0.11599715843342528
132,1,2,2.188000000000102,,13518,"[954, 270]",False,,True,0.0,False,very_strong,False,[],,[],,0.43735309165867403,0.11599715843342528
133,1,2,2.203999999999951,,13518,"[954, 270]",False,,True,0.0,False,very_strong,False,[],,[],,0.4393539244140798,0.11454916654762237
134,1,2,2.2200000000000273,,13518,"[954, 270]",False,,True,0.0,False,very_strong,False,[],,[],,0.4393539244140798,0.11454916654762237
135,1,2,2.23700000000008,,13518,"[954, 270]",False,,True,0.0,False,very_strong,False,[],,[],,0.44157806171333214,0.10643108352324693
136,1,2,2.2530000000001564,,13518,"[954, 270]",False,,True,0.0,False,very_strong,False,[],,[],,0.44157806171333214,0.10643108352324693
137,1,2,2.269999999999982,,13518,"[954, 270]",False,,True,0.0,False,very_strong,False,[],,[],,0.4557896090479808,0.09062378090717438
138,1,2,2.2870000000000346,,13518,"[954, 270]",False,,True,0.0,False,very_strong,False,[],,[],,0.4557896090479808,0.09062378090717438
139,1,2,2.3040000000000873,,13518,"[954, 270]",False,,True,0.0,False,very_strong,False,[],,[],,0.4677946481094956,0.0884337792586476
140,1,2,2.3200000000001637,,13518,"[954, 270]",False,,True,0.0,False,very_strong,False,[],,[],,0.4677946481094956,0.0884337792586476
141,1,2,2.3360000000000127,,13518,"[954, 270]",False,,True,0.0,False,very_strong,False,[],,[],,0.4729551916184874,0.09277525693648014
142,1,2,2.3530000000000655,,13518,"[954, 270]",False,,True,0.0,False,very_strong,False,[],,[],,0.4729551916184874,0.09277525693648014
143,1,2,2.369000000000142,,13518,"[954, 270]",False,,True,0.0,False,very_strong,False,[],,[],,0.4755352508937887,0.10489983983818263
144,1,2,2.3859999999999673,,13518,"[954, 270]",False,,True,0.0,False,very_strong,False,[],,[],,0.4755352508937887,0.10489983983818263
145,1,2,2.40300000000002,,13518,"[954, 270]",False,,True,0.0,False,very_strong,False,[],,[],,0.47544822469216463,0.1130848450628602
146,1,2,2.41800000000012,,13518,"[954, 270]",False,,True,0.0,False,very_strong,False,[],,[],,0.47544822469216463,0.1130848450628602
147,1,2,2.4349999999999454,,13518,"[954, 270]",False,,True,0.0,False,very_strong,False,[],,[],,0.47597824496450264,0.12974978053633446
148,1,2,2.451000000000022,,13518,"[954, 270]",False,,True,0.0,False,very_strong,False,[],,[],,0.47597824496450264,0.12974978053633446
149,1,2,2.4680000000000746,,13518,"[954, 270]",False,,True,0.0,False,very_strong,False,[],,[],,0.4772855868304985,0.1398206485686606
150,1,2,2.4850000000001273,,13518,"[954, 270]",False,,True,0.0,False,very_strong,False,[],,[],,0.4772855868304985,0.1398206485686606
151,1,2,2.5009999999999764,,13518,"[954, 270]",False,,True,0.0,False,very_strong,False,[],,[],,0.47523761088615846,0.1460244289900865
152,1,2,2.518000000000029,,13518,"[954, 270]",False,,True,0.0,False,very_strong,False,[],,[],,0.47523761088615846,0.1460244289900865
153,1,2,2.535000000000082,,13518,"[954, 270]",False,,True,0.0,False,very_strong,False,[],,[],,0.47317202511106826,0.14763134667041222
154,1,2,2.5510000000001583,,13518,"[954, 270]",False,,True,0.0,False,very_strong,False,[],,[],,0.47317202511106826,0.14763134667041222
155,1,2,2.5670000000000073,,13518,"[954, 270]",False,,True,0.0,False,very_strong,False,"[[1206, 810]]",,[],,0.46996811061899635,0.15492113308298316
156,1,2,2.58400000000006,,13518,"[954, 270]",False,,True,0.0,False,very_strong,False,"[[1206, 804]]",,[],,0.46996811061899635,0.15492113308298316
157,1,2,2.6010000000001128,,13518,"[954, 270]",False,,True,0.0,False,very_strong,False,"[[1206, 798]]",,[],,0.46878787368165814,0.15945661404335887
158,1,2,2.616999999999962,,13518,"[954, 270]",False,,True,0.0,False,very_strong,False,"[[1206, 792]]",,[],,0.46849919660616157,0.1662437594513413
159,1,2,2.633000000000038,,13518,"[954, 270]",False,,True,0.0,False,very_strong,False,"[[1206, 786]]",,[],,0.46867118763103954,0.17167627269368357
160,1,2,2.650000000000091,,13518,"[954, 270]",False,,True,0.0,False,very_strong,False,"[[1206, 780]]",,[],,0.46867118763103954,0.17167627269368357
161,1,2,2.6670000000001437,,13518,"[954, 270]",False,,True,0.0,False,very_strong,False,"[[1206, 774]]",,[],,0.4571750551238087,0.14510672270483904
162,1,2,2.6829999999999927,,13518,"[954, 270]",False,,True,0.0,False,very_strong,False,"[[1206, 768]]",,[],,0.4571750551238087,0.14510672270483904
163,1,2,2.699000000000069,,13518,"[954, 270]",False,,True,0.0,False,very_strong,False,"[[1206, 762]]",,[],,0.44897005924854005,0.130426577930584
164,1,2,2.716000000000122,,13518,"[954, 270]",False,,True,0.0,False,very_strong,False,"[[1206, 756]]",,[],,0.44897005924854005,0.130426577930584
165,1,2,2.7329999999999472,,13518,"[954, 270]",False,,True,0.0,False,very_strong,False,"[[1206, 750]]",,[],,0.44431282363242264,0.130755398600228
166,1,2,2.7490000000000236,,13518,"[954, 270]",False,,True,0.0,False,very_strong,False,"[[1206, 744]]",,[],,0.4437344283217694,0.12853959636871481
167,1,2,2.7650000000001,,13518,"[954, 270]",False,,True,0.0,False,very_strong,False,"[[1206, 738], [1062, 810]]",,[],,0.4413553901278412,0.13859463348195
168,1,2,2.780999999999949,,13518,"[954, 270]",False,,True,0.0,False,very_strong,False,"[[1206, 732], [1062, 804]]",,[],,0.4413553901278412,0.13859463348195
169,1,2,2.7970000000000255,,13518,"[954, 270]",False,,True,0.0,False,very_strong,False,"[[1206, 726], [1062, 798]]",,[],,0.44335837087311053,0.14137359069587285
170,1,2,2.814000000000078,,13518,"[954, 270]",False,,True,0.0,False,very_strong,False,"[[1206, 720], [1062, 792]]",,[],,0.4447398671359217,0.14346587971293212
171,1,2,2.831000000000131,,13518,"[954, 270]",False,,True,0.0,False,very_strong,False,"[[1206, 714], [1062, 786]]",,[],,0.44709800606752703,0.14511529294584546
172,1,2,2.8479999999999563,,13518,"[954, 270]",False,,True,0.0,False,very_strong,False,"[[1206, 708], [1062, 780]]",,[],,0.44709800606752703,0.14511529294584546
173,1,2,2.865000000000009,,13518,"[954, 270]",False,,True,0.0,False,very_strong,False,"[[1206, 702], [1062, 774]]",,[],,0.45028243145749264,0.140679261577482
174,1,2,2.8810000000000855,,13518,"[954, 270]",False,,True,0.0,False,very_strong,False,"[[1206, 696], [1062, 768]]",,[],,0.4508769680864175,0.13943275841259983
175,1,2,2.897000000000162,,13518,"[954, 270]",False,,True,0.0,False,very_strong,False,"[[1206, 690], [1062, 762]]",,[],,0.4505259784564989,0.13753486099269152
176,1,2,2.9139999999999873,,13518,"[954, 270]",False,,True,0.0,False,very_strong,False,"[[1206, 684], [1062, 756]]",,[],,0.4522550933506723,0.12897394667329698
177,1,2,2.9300000000000637,,13518,"[954, 270]",False,,True,0.0,False,very_strong,False,"[[1206, 678], [1062, 750]]",,[],,0.453512073920721,0.1258820320561016
178,1,2,2.94600000000014,,13518,"[954, 270]",False,,True,0.0,False,very_strong,False,"[[1206, 672], [1062, 744]]",,[],,0.45411064198247775,0.12471602211343302
179,1,2,2.9629999999999654,,13518,"[954, 270]",False,,True,0.0,False,very_strong,False,"[[1206, 666], [1062, 738]]",,[],,0.45416206843056495,0.12612574471305227
180,1,2,2.979000000000042,,13518,"[954, 270]",False,,True,0.0,False,very_strong,False,"[[1206, 660], [1062, 732]]",,[],,0.45467233419371933,0.12802204128014727
181,1,2,2.9950000000001182,,13518,"[954, 270]",False,,True,0.0,False,very_strong,False,"[[1206, 654], [1062, 726]]",,[],,0.4550249791197335,0.12915676441182145
182,1,2,3.0119999999999436,,13518,"[954, 270]",False,,True,0.0,False,very_strong,False,"[[1206, 648], [1062, 720], [1188, 810]]",,[],,0.45631746142310525,0.13283545888195392
183,1,2,3.0289999999999964,,13518,"[954, 270]",False,,True,0.0,False,very_strong,False,"[[1206, 642], [1062, 714], [1188, 804]]",,[],,0.45681476760732365,0.13354615759872313
184,1,2,3.046000000000049,,13518,"[954, 270]",False,,True,0.0,False,very_strong,False,"[[1206, 636], [1062, 708], [1188, 798]]",,[],,0.45783131071705097,0.13476232317877934
185,1,2,3.063000000000102,,13518,"[954, 270]",False,,True,0.0,False,very_strong,False,"[[1206, 630], [1062, 702], [1188, 792]]",,[],,0.45704829174741574,0.13658380188533004
186,1,2,3.0800000000001546,,13518,"[954, 270]",False,,True,0.0,False,very_strong,False,"[[1206, 624], [1062, 696], [1188, 786]]",,[],,0.4581226476190342,0.14176259342259767
187,1,2,3.0960000000000036,,13518,"[954, 270]",False,,True,0.0,False,very_strong,False,"[[1206, 618], [1062, 690], [1188, 780]]",,[],,0.45910563796936554,0.14430339516543444
188,1,2,3.1130000000000564,,13518,"[954, 270]",False,,True,0.0,False,very_strong,False,"[[1206, 612], [1062, 684], [1188, 774]]",,[],,0.4602070724700919,0.14680276131890324
189,1,2,3.129000000000133,,13518,"[954, 270]",False,,True,0.0,False,very_strong,False,"[[1206, 606], [1062, 678], [1188, 768]]",,[],,0.460855165230979,0.14856285767222688
190,1,2,3.145999999999958,,13518,"[954, 270]",False,,True,0.0,False,very_strong,False,"[[1206, 600], [1062, 672], [1188, 762]]",,[],,0.4629759920817694,0.1573177248082509
191,1,2,3.163000000000011,,13518,"[954, 270]",False,,True,0.0,False,very_strong,False,"[[1206, 594], [1062, 666], [1188, 756]]",,[],,0.464223038012684,0.16021122280287126
192,1,2,3.1790000000000873,,13518,"[954, 270]",False,,True,0.0,False,very_strong,False,"[[1206, 588], [1062, 660], [1188, 750]]",,[],,0.46450089407771633,0.1625094698728874
193,1,2,3.19600000000014,,13518,"[954, 270]",False,,True,0.0,False,very_strong,False,"[[1206, 582], [1062, 654], [1188, 744]]",,[],,0.46464326609968065,0.16470011977506516
194,1,2,3.2129999999999654,,13518,"[954, 270]",False,,True,0.0,False,very_strong,False,"[[1206, 576], [1062, 648], [1188, 738]]",,[],,0.46439271012405425,0.16827598300971414
195,1,2,3.230000000000018,,13518,"[954, 270]",False,,True,0.0,False,very_strong,False,"[[1206, 570], [1062, 642], [1188, 732]]",,[],,0.46409668655553454,0.16956929874736382
196,1,2,3.2460000000000946,,13518,"[954, 270]",False,,True,0.0,False,very_strong,False,"[[1206, 564], [1062, 636], [1188, 726]]",,[],,0.4630619289042607,0.17587123206362587
197,1,2,3.2630000000001473,,13518,"[954, 270]",False,,True,0.0,False,very_strong,False,"[[1206, 558], [1062, 630], [1188, 720]]",,[],,0.4617002801601407,0.1762273037793466
198,1,2,3.2789999999999964,,13518,"[954, 270]",False,,True,0.0,False,very_strong,False,"[[1206, 552], [1062, 624], [1188, 714]]",,[],,0.4453205776748101,0.1425304166140159
199,1,2,3.2950000000000728,,13518,"[954, 270]",False,,True,0.0,False,very_strong,False,"[[1206, 546], [1062, 618], [1188, 708]]",,[],,0.44491551897029646,0.1400627195869415
200,1,2,3.3120000000001255,,13518,"[954, 270]",False,,True,0.0,False,very_strong,False,"[[1206, 540], [1062, 612], [1188, 702]]",,[],,0.4414910251099819,0.1413659222605217
201,1,2,3.3279999999999745,,13518,"[954, 270]",False,,True,0.0,False,very_strong,False,"[[1206, 534], [1062, 606], [1188, 696]]",,[],,0.4414910251099819,0.1413659222605217
202,1,2,3.344000000000051,,13518,"[954, 270]",False,,True,0.0,False,very_strong,False,"[[1206, 528], [1062, 600], [1188, 690]]",,[],,0.43796412619156333,0.1391442586365481
203,1,2,3.3600000000001273,,13518,"[954, 270]",False,,True,0.0,False,very_strong,False,"[[1206, 522], [1062, 594], [1188, 684]]",,[],,0.43796412619156333,0.1391442586365481
204,1,2,3.3769999999999527,,13518,"[954, 270]",False,,True,0.0,False,very_strong,False,"[[1206, 516], [1062, 588], [1188, 678]]",,[],,0.43365130482258624,0.1426954608566433
205,1,2,3.393000000000029,,13518,"[954, 270]",False,,True,0.0,False,very_strong,False,"[[1206, 510], [1062, 582], [1188, 672]]",,[],,0.43365130482258624,0.1426954608566433
206,1,2,3.410000000000082,,13518,"[954, 270]",False,,True,0.0,False,very_strong,False,"[[1206, 504], [1062, 576], [1188, 666]]",,[],,0.4366620736297689,0.14786233311627306
207,1,2,3.4270000000001346,,13518,"[954, 270]",False,,True,0.0,False,very_strong,False,"[[1206, 498], [1062, 570], [1188, 660]]",,[],,0.4366620736297689,0.14786233311627306
208,1,2,3.4429999999999836,,13518,"[954, 270]",False,,True,0.0,False,very_strong,False,"[[1206, 492], [1062, 564], [1188, 654]]",,[],,0.43992547057750303,0.14917036812908557
209,1,2,3.4600000000000364,,13518,"[954, 270]",False,,True,0.0,False,very_strong,False,"[[1206, 486], [1062, 558], [1188, 648]]",,[],,0.43992547057750303,0.14917036812908557
210,1,2,3.4760000000001128,,13518,"[954, 270]",False,,True,0.0,False,very_strong,False,"[[1206, 480], [1062, 552], [1188, 642]]",,[],,0.44006327635713716,0.15166419485657923
211,1,2,3.4930000000001655,,13518,"[954, 270]",False,,True,0.0,False,very_strong,False,"[[1206, 474], [1062, 546], [1188, 636]]",,[],,0.44006327635713716,0.15166419485657923
212,1,2,3.5090000000000146,,13518,"[954, 270]",False,,True,0.0,False,very_strong,False,"[[1206, 468], [1062, 540], [1188, 630], [954, 810], [1152, 810]]",,[],,0.4384952894700061,0.15557870966987697
213,1,2,3.5260000000000673,,13518,"[954, 270]",False,,True,0.0,False,very_strong,False,"[[1206, 462], [1062, 534], [1188, 624], [954, 804], [1152, 804]]",,[],,0.4384952894700061,0.15557870966987697
214,1,2,3.54300000000012,,13518,"[954, 270]",False,,True,0.0,False,very_strong,False,"[[1206, 456], [1062, 528], [1188, 618], [954, 798], [1152, 798]]",,[],,0.43675643262685737,0.1628701609818758
215,1,2,3.5579999999999927,,13518,"[954, 270]",False,,True,0.0,False,very_strong,False,"[[1206, 450], [1062, 522], [1188, 612], [954, 792], [1152, 792]]",,[],,0.43675643262685737,0.1628701609818758
216,1,2,3.574000000000069,,13518,"[954, 270]",False,,True,0.0,False,very_strong,False,"[[1206, 444], [1062, 516], [1188, 606], [954, 786], [1152, 786]]",,[],,0.434281903362464,0.1769749574598829
217,1,2,3.5900000000001455,,13518,"[954, 270]",False,,True,0.0,False,very_strong,False,"[[1206, 438], [1062, 510], [1188, 600], [954, 780], [1152, 780]]",,[],,0.434281903362464,0.1769749574598829
218,1,2,3.6059999999999945,,13518,"[954, 270]",False,,True,0.0,False,very_strong,False,"[[1206, 432], [1062, 504], [1188, 594], [954, 774], [1152, 774]]",,[],,0.4327065263403444,0.181545007348633
219,1,2,3.6230000000000473,,13518,"[954, 270]",False,Left,True,0.0,False,very_strong,False,"[[1206, 426], [1062, 498], [1188, 588], [954, 768], [1152, 768]]",,[],,0.4327065263403444,0.181545007348633
220,1,2,3.6400000000001,,13518,"[954, 270]",False,Left,True,0.0,False,very_strong,False,"[[1212, 420], [1068, 492], [1194, 582], [960, 762], [1158, 762]]",,[],,0.44201068258595166,0.16044464089445143
221,1,2,3.657000000000153,,13518,"[954, 270]",False,Left,True,0.0,False,very_strong,False,"[[1218, 414], [1074, 486], [1200, 576], [966, 756], [1164, 756]]",,[],,0.44201068258595166,0.16044464089445143
222,1,2,3.673000000000002,,13518,"[954, 270]",False,Left,True,0.0,False,very_strong,False,"[[1224, 408], [1080, 480], [1206, 570], [972, 750], [1170, 750]]",,[],,0.44692652899415763,0.15189775278884254
223,1,2,3.6900000000000546,,13518,"[954, 270]",False,Left,True,0.0,False,very_strong,False,"[[1230, 402], [1086, 474], [1212, 564], [978, 744], [1176, 744]]",,[],,0.4474054424534975,0.15243707245498261
224,1,2,3.7070000000001073,,13518,"[954, 270]",False,Left,True,0.0,False,very_strong,False,"[[1236, 396], [1092, 468], [1218, 558], [984, 738], [1182, 738]]",,[],,0.45129051589384916,0.14225360471383308
225,1,2,3.72400000000016,,13518,"[954, 270]",False,Left,True,0.0,False,very_strong,False,"[[1242, 390], [1098, 462], [1224, 552], [990, 732], [1188, 732]]",,[],,0.45129051589384916,0.14225360471383308
226,1,2,3.740000000000009,,13518,"[954, 270]",False,Left,True,0.0,False,very_strong,False,"[[1248, 384], [1104, 456], [1230, 546], [996, 726], [1194, 726]]",,[],,0.4510801285030842,0.14678467177083976
227,1,2,3.7560000000000855,,13518,"[954, 270]",False,Left,True,0.0,False,very_strong,False,"[[1254, 378], [1110, 450], [1236, 540], [1002, 720], [1200, 720]]",,[],,0.4510801285030842,0.14678467177083976
228,1,2,3.772000000000162,,13518,"[954, 270]",False,Left,True,0.0,False,very_strong,False,"[[1260, 372], [1116, 444], [1242, 534], [1008, 714], [1206, 714]]",,[],,0.4498855865035208,0.1508190543153819
229,1,2,3.788000000000011,,13518,"[954, 270]",False,Left,True,0.0,False,very_strong,False,"[[1266, 366], [1122, 438], [1248, 528], [1014, 708], [1212, 708]]",,[],,0.4498855865035208,0.1508190543153819
230,1,2,3.8050000000000637,,13518,"[954, 270]",False,Left,True,0.0,False,very_strong,False,"[[1272, 360], [1128, 432], [1254, 522], [1020, 702], [1218, 702]]",,[],,0.4489792237162641,0.15790885823312806
231,1,2,3.82100000000014,,13518,"[954, 270]",False,Left,True,0.0,False,very_strong,False,"[[1278, 354], [1134, 426], [1260, 516], [1026, 696], [1224, 696]]",,[],,0.4489792237162641,0.15790885823312806
232,1,2,3.836999999999989,,13518,"[954, 270]",False,Left,True,0.0,False,very_strong,False,"[[1284, 348], [1140, 420], [1266, 510], [1032, 690], [1230, 690]]",,[],,0.4469235597223388,0.1680984158742581
233,1,2,3.854000000000042,,13518,"[954, 270]",False,Left,True,0.0,False,very_strong,False,"[[1290, 342], [1146, 414], [1272, 504], [1038, 684], [1236, 684]]",,[],,0.4469235597223388,0.1680984158742581
234,1,2,3.8710000000000946,,13518,"[954, 270]",False,,True,0.0,False,very_strong,False,"[[1296, 336], [1152, 408], [1278, 498], [1044, 678], [1242, 678]]",,[],,0.4465184073198782,0.17209437579534836
235,1,2,3.8869999999999436,,13518,"[954, 270]",False,,True,0.0,False,very_strong,False,"[[1296, 330], [1152, 402], [1278, 492], [1044, 672], [1242, 672]]",,[],,0.44728400516540584,0.17170451898351247
236,1,2,3.9039999999999964,,13518,"[954, 270]",False,,True,0.0,False,very_strong,False,"[[1296, 324], [1152, 396], [1278, 486], [1044, 666], [1242, 666]]",,[],,0.44950291600568304,0.17285277556287582
237,1,2,3.9190000000000964,,13518,"[954, 270]",False,,True,0.0,False,very_strong,False,"[[1296, 318], [1152, 390], [1278, 480], [1044, 660], [1242, 660]]",,[],,0.44950291600568304,0.17285277556287582
238,1,2,3.9349999999999454,,13518,"[954, 270]",False,,True,0.0,False,very_strong,False,"[[1296, 312], [1152, 384], [1278, 474], [1044, 654], [1242, 654]]",,[],,0.4511689573551639,0.16975020941072527
239,1,2,3.951000000000022,,13518,"[954, 270]",False,,True,0.0,False,very_strong,False,"[[1296, 306], [1152, 378], [1278, 468], [1044, 648], [1242, 648]]",,[],,0.45177626675722465,0.1719390191846375
240,1,2,3.9680000000000746,,13518,"[954, 270]",False,,True,0.0,False,very_strong,False,"[[1296, 300], [1152, 372], [1278, 462], [1044, 642], [1242, 642]]",,[],,0.4508545543567323,0.17457356150820258
241,1,2,3.9850000000001273,,13518,"[954, 270]",False,,True,0.0,False,very_strong,False,"[[1296, 294], [1152, 366], [1278, 456], [1044, 636], [1242, 636]]",,[],,0.45136552918574047,0.17412282757881004
242,1,2,4.000999999999976,,13518,"[954, 270]",False,,True,0.0,False,very_strong,False,"[[1296, 288], [1152, 360], [1278, 450], [1044, 630], [1242, 630]]",,[],,0.45083903857708985,0.176345180690058
243,1,2,4.017000000000053,,13518,"[954, 270]",False,,True,0.0,False,very_strong,False,"[[1296, 282], [1152, 354], [1278, 444], [1044, 624], [1242, 624]]",,[],,0.45046778945340593,0.17647787145735816
244,1,2,4.0340000000001055,,13518,"[954, 270]",False,Left,True,0.0,False,very_strong,False,"[[1296, 276], [1152, 348], [1278, 438], [1044, 618], [1242, 618]]",,[],,0.45049262977489635,0.17683018645223747
245,1,2,4.0499999999999545,,13518,"[954, 270]",False,Left,True,0.0,False,very_strong,False,"[[1302, 270], [1158, 342], [1284, 432], [1050, 612], [1248, 612], [1014, 810]]",,[],,0.44952376561089036,0.17937891580088772
246,1,2,4.067000000000007,,13518,"[954, 270]",False,Left,True,0.0,False,very_strong,False,"[[1308, 264], [1164, 336], [1290, 426], [1056, 606], [1254, 606], [1020, 804]]",,[],,0.44947964886157055,0.17977037638944282
247,1,2,4.08400000000006,,13518,"[954, 270]",False,Left,True,0.0,False,very_strong,False,"[[1314, 258], [1170, 330], [1296, 420], [1062, 600], [1260, 600], [1026, 798]]",,[],,0.44200772427638385,0.17027164717396814
248,1,2,4.100000000000136,,13518,"[954, 270]",False,Left,True,0.0,False,very_strong,False,"[[1320, 252], [1176, 324], [1302, 414], [1068, 594], [1266, 594], [1032, 792]]",,[],,0.43589972746643174,0.16565676443643784
249,1,2,4.116999999999962,,13518,"[954, 270]",False,Left,True,0.0,False,very_strong,False,"[[1326, 246], [1182, 318], [1308, 408], [1074, 588], [1272, 588], [1038, 786]]",,[],,0.43449997384091843,0.16688131870126488
250,1,2,4.133000000000038,,13518,"[954, 270]",False,Left,True,0.0,False,very_strong,False,"[[1332, 240], [1188, 312], [1314, 402], [1080, 582], [1278, 582], [1044, 780]]",,[],,0.4337815670055405,0.16828750454382513
251,1,2,4.150000000000091,,13518,"[954, 270]",False,Left,True,0.0,False,very_strong,False,"[[1338, 234], [1194, 306], [1320, 396], [1086, 576], [1284, 576], [1050, 774]]",,[],,0.4339800304082317,0.1710452039232807
252,1,2,4.166000000000167,,13518,"[954, 270]",False,Left,True,0.0,False,very_strong,False,"[[1344, 228], [1200, 300], [1326, 390], [1092, 570], [1290, 570], [1056, 768]]",,[],,0.43305822405323224,0.17339540189586689
253,1,2,4.182999999999993,,13518,"[954, 270]",False,Left,True,0.0,False,very_strong,False,"[[1350, 222], [1206, 294], [1332, 384], [1098, 564], [1296, 564], [1062, 762]]",,[],,0.43133042389122933,0.17745614626297734
254,1,2,4.201000000000022,,13518,"[954, 270]",False,,True,0.0,False,very_strong,False,"[[1356, 216], [1212, 288], [1338, 378], [1104, 558], [1302, 558], [1068, 756]]",,[],,0.43133042389122933,0.17745614626297734
255,1,2,4.217000000000098,,13518,"[954, 270]",False,,True,0.0,False,very_strong,False,"[[1356, 210], [1212, 282], [1338, 372], [1104, 552], [1302, 552], [1068, 750]]",,[],,0.4337908281738958,0.17670536488042876
256,1,2,4.232999999999947,,13518,"[954, 270]",False,,True,0.0,False,very_strong,False,"[[1356, 204], [1212, 276], [1338, 366], [1104, 546], [1302, 546], [1068, 744]]",,[],,0.4332979354125318,0.17818785427565165
257,1,2,4.249000000000024,,13518,"[954, 270]",False,,True,0.0,False,very_strong,False,"[[1356, 198], [1212, 270], [1338, 360], [1104, 540], [1302, 540], [1068, 738]]",,[],,0.43446523848904695,0.17607432650798338
258,1,2,4.266000000000076,,13518,"[954, 270]",False,,True,0.0,False,very_strong,False,"[[1356, 192], [1212, 264], [1338, 354], [1104, 534], [1302, 534], [1068, 732]]",,[],,0.43626606598734563,0.1759477601660151
259,1,2,4.282000000000153,,13518,"[954, 270]",False,,True,0.0,False,very_strong,False,"[[1356, 186], [1212, 258], [1338, 348], [1104, 528], [1302, 528], [1068, 726]]",,[],,0.43744115909303866,0.1761689307578196
260,1,2,4.298000000000002,,13518,"[954, 270]",False,,True,0.0,False,very_strong,False,"[[1356, 180], [1212, 252], [1338, 342], [1104, 522], [1302, 522], [1068, 720]]",,[],,0.43744115909303866,0.1761689307578196
261,1,2,4.315000000000055,,13518,"[954, 270]",False,,True,0.0,False,very_strong,False,"[[1356, 174], [1212, 246], [1338, 336], [1104, 516], [1302, 516], [1068, 714]]",,[],,0.4426110488586817,0.1741735507465888
262,1,2,4.331000000000131,,13518,"[954, 270]",False,,True,0.0,False,very_strong,False,"[[1356, 168], [1212, 240], [1338, 330], [1104, 510], [1302, 510], [1068, 708]]",,[],,0.4426110488586817,0.1741735507465888
263,1,2,4.347999999999956,,13518,"[954, 270]",False,,True,0.0,False,very_strong,False,"[[1356, 162], [1212, 234], [1338, 324], [1104, 504], [1302, 504], [1068, 702]]",,[],,0.44157987821350836,0.1754571951347943
264,1,2,4.364000000000033,,13518,"[954, 270]",False,,True,0.0,False,very_strong,False,"[[1356, 156], [1212, 228], [1338, 318], [1104, 498], [1302, 498], [1068, 696]]",,[],,0.44157987821350836,0.1754571951347943
265,1,2,4.380000000000109,,13518,"[954, 270]",False,,True,0.0,False,very_strong,False,"[[1356, 150], [1212, 222], [1338, 312], [1104, 492], [1302, 492], [1068, 690]]",,[],,0.4416399063317312,0.1790805323626412
266,1,2,4.395999999999958,,13518,"[954, 270]",False,,True,0.0,False,very_strong,False,"[[1356, 144], [1212, 216], [1338, 306], [1104, 486], [1302, 486], [1068, 684]]",,[],,0.4416399063317312,0.1790805323626412
267,1,2,4.412000000000035,,13518,"[954, 270]",False,,True,0.0,False,very_strong,False,"[[1356, 138], [1212, 210], [1338, 300], [1104, 480], [1302, 480], [1068, 678]]",,[],,0.4417257168099125,0.18114702830995666
268,1,2,4.429000000000087,,13518,"[954, 270]",False,,True,0.0,False,very_strong,False,"[[1356, 132], [1212, 204], [1338, 294], [1104, 474], [1302, 474], [1068, 672]]",,"[[1566, 810]]",,0.4417257168099125,0.18114702830995666
269,1,2,4.447000000000116,,13518,"[954, 270]",False,,True,0.0,False,very_strong,False,"[[1356, 126], [1212, 198], [1338, 288], [1104, 468], [1302, 468], [1068, 666]]",,"[[1566, 804]]",,0.4422517095616952,0.18095285638608938
270,1,2,4.462999999999965,,13518,"[954, 270]",False,,True,0.0,False,very_strong,False,"[[1356, 120], [1212, 192], [1338, 282], [1104, 462], [1302, 462], [1068, 660]]",,"[[1566, 798]]",,0.4421752776718283,0.18082152779097949
271,1,2,4.4809999999999945,,13518,"[954, 270]",False,,True,0.0,False,very_strong,False,"[[1356, 114], [1212, 186], [1338, 276], [1104, 456], [1302, 456], [1068, 654]]",,"[[1566, 792]]",,0.44056445981383074,0.1794850762044845
272,1,2,4.497000000000071,,13518,"[954, 270]",False,,True,0.0,False,very_strong,False,"[[1356, 108], [1212, 180], [1338, 270], [1104, 450], [1302, 450], [1068, 648]]",,"[[1566, 786]]",,0.44056445981383074,0.1794850762044845
273,1,2,4.513000000000147,,13518,"[954, 270]",False,,True,0.0,False,very_strong,False,"[[1356, 102], [1212, 174], [1338, 264], [1104, 444], [1302, 444], [1068, 642]]",,"[[1566, 780]]",,0.45052216642053267,0.1653167327805194
274,1,2,4.529999999999973,,13518,"[954, 270]",False,,True,0.0,False,very_strong,False,"[[1356, 96], [1212, 168], [1338, 258], [1104, 438], [1302, 438], [1068, 636]]",,"[[1566, 774]]",,0.45052216642053267,0.1653167327805194
275,1,2,4.5470000000000255,,13518,"[954, 270]",False,,True,0.0,False,very_strong,False,"[[1356, 90], [1212, 162], [1338, 252], [1104, 432], [1302, 432], [1068, 630]]",,"[[1566, 768]]",,0.45094378850952666,0.1650676942039767
276,1,2,4.564000000000078,,13518,"[954, 270]",False,,True,0.0,False,very_strong,False,"[[1356, 84], [1212, 156], [1338, 246], [1104, 426], [1302, 426], [1068, 624]]",,"[[1566, 762]]",,0.45094378850952666,0.1650676942039767
277,1,2,4.581000000000131,,13518,"[954, 270]",False,,True,0.0,False,very_strong,False,"[[1356, 78], [1212, 150], [1338, 240], [1104, 420], [1302, 420], [1068, 618]]",,"[[1566, 756]]",,0.45082304434852005,0.1683848286113543
278,1,2,4.597999999999956,,13518,"[954, 270]",False,,True,0.0,False,very_strong,False,"[[1356, 72], [1212, 144], [1338, 234], [1104, 414], [1302, 414], [1068, 612]]",,"[[1566, 750]]",,0.45082304434852005,0.1683848286113543
279,1,2,4.614000000000033,,13518,"[954, 270]",False,,True,0.0,False,very_strong,False,"[[1356, 66], [1212, 138], [1338, 228], [1104, 408], [1302, 408], [1068, 606]]",,"[[1566, 744]]",,0.44841305594113,0.1699605283821103
280,1,2,4.6310000000000855,,13518,"[954, 270]",False,,True,0.0,False,very_strong,False,"[[1356, 60], [1212, 132], [1338, 222], [1104, 402], [1302, 402], [1068, 600]]",,"[[1566, 738]]",,0.44841305594113,0.1699605283821103
281,1,2,4.647000000000162,,13518,"[954, 270]",False,,True,0.0,False,very_strong,False,"[[1356, 54], [1212, 126], [1338, 216], [1104, 396], [1302, 396], [1068, 594]]",,"[[1566, 732]]",,0.44632409395025296,0.17419529016644375
282,1,2,4.663999999999987,,13518,"[954, 270]",False,,True,0.0,False,very_strong,False,"[[1356, 48], [1212, 120], [1338, 210], [1104, 390], [1302, 390], [1068, 588]]",,"[[1566, 726]]",,0.44632409395025296,0.17419529016644375
283,1,2,4.680000000000064,,13518,"[954, 270]",False,,True,0.0,False,very_strong,False,"[[1356, 42], [1212, 114], [1338, 204], [1104, 384], [1302, 384], [1068, 582]]",,"[[1566, 720]]",,0.4464348193348223,0.17874299498729584
284,1,2,4.697000000000116,,13518,"[954, 270]",False,Left,True,0.0,False,very_strong,False,"[[1356, 36], [1212, 108], [1338, 198], [1104, 378], [1302, 378], [1068, 576]]",,"[[1572, 714]]",,0.4464348193348223,0.17874299498729584
285,1,2,4.712999999999965,,13518,"[954, 270]",False,Left,True,0.0,False,very_strong,False,"[[1362, 30], [1218, 102], [1344, 192], [1110, 372], [1308, 372], [1074, 570]]",,"[[1578, 708]]",,0.4489317601103199,0.18453538033038075
286,1,2,4.730000000000018,,13518,"[954, 270]",False,Left,True,0.0,False,very_strong,False,"[[1368, 24], [1224, 96], [1350, 186], [1116, 366], [1314, 366], [1080, 564]]",,"[[1584, 702]]",,0.4489317601103199,0.18453538033038075
287,1,2,4.746000000000095,,13518,"[954, 270]",False,Left,True,0.0,False,very_strong,False,"[[1374, 18], [1230, 90], [1356, 180], [1122, 360], [1320, 360], [1086, 558]]",,"[[1590, 696]]",,0.4491352128532597,0.1836831669724025
288,1,2,4.761999999999944,,13518,"[954, 270]",False,Left,True,0.0,False,very_strong,False,"[[1380, 12], [1236, 84], [1362, 174], [1128, 354], [1326, 354], [1092, 552]]",,"[[1596, 690]]",,0.4491352128532597,0.1836831669724025
289,1,2,4.778999999999996,,13518,"[954, 270]",False,,True,0.0,False,very_strong,False,"[[1386, 6], [1242, 78], [1368, 168], [1134, 348], [1332, 348], [1098, 546]]",,"[[1596, 684]]",,0.4509607442315424,0.1867196978399066
290,1,2,4.7970000000000255,,13518,"[954, 270]",False,,True,0.0,False,very_strong,False,"[[1386, 0], [1242, 72], [1368, 162], [1134, 342], [1332, 342], [1098, 540]]",,"[[1596, 678]]",,0.4509607442315424,0.1867196978399066
291,1,2,4.814000000000078,,13518,"[954, 270]",False,,True,0.0,False,very_strong,False,"[[1242, 66], [1368, 156], [1134, 336], [1332, 336], [1098, 534]]",,"[[1596, 672]]",,0.4524969312787543,0.19040919343126717
292,1,2,4.831000000000131,,13518,"[954, 270]",False,,True,0.0,False,very_strong,False,"[[1242, 60], [1368, 150], [1134, 330], [1332, 330], [1098, 528]]",,"[[1596, 666]]",,0.4524969312787543,0.19040919343126717
293,1,2,4.847999999999956,,13518,"[954, 270]",False,,True,0.0,False,very_strong,False,"[[1242, 54], [1368, 144], [1134, 324], [1332, 324], [1098, 522], [1170, 810]]",,"[[1596, 660]]",,0.45296283291586087,0.2037635797499895
294,1,2,4.865000000000009,,13518,"[954, 270]",False,,True,0.0,False,very_strong,False,"[[1242, 48], [1368, 138], [1134, 318], [1332, 318], [1098, 516], [1170, 804]]",,"[[1596, 654]]",,0.45296283291586087,0.2037635797499895
295,1,2,4.8810000000000855,,13518,"[954, 270]",False,,True,0.0,False,very_strong,False,"[[1242, 42], [1368, 132], [1134, 312], [1332, 312], [1098, 510], [1170, 798]]",,"[[1596, 648]]",,0.4536874275554988,0.2067058550946267
296,1,2,4.897000000000162,,13518,"[954, 270]",False,,True,0.0,False,very_strong,False,"[[1242, 36], [1368, 126], [1134, 306], [1332, 306], [1098, 504], [1170, 792]]",,"[[1596, 642]]",,0.4536874275554988,0.2067058550946267
297,1,2,4.913000000000011,,13518,"[954, 270]",False,,True,0.0,False,very_strong,False,"[[1242, 30], [1368, 120], [1134, 300], [1332, 300], [1098, 498], [1170, 786]]",,"[[1596, 636]]",,0.4561868382730583,0.20852068170640936
298,1,2,4.930000000000064,,13518,"[954, 270]",False,,True,0.0,False,very_strong,False,"[[1242, 24], [1368, 114], [1134, 294], [1332, 294], [1098, 492], [1170, 780]]",,"[[1596, 630]]",,0.4561868382730583,0.20852068170640936
299,1,2,4.94600000000014,,13518,"[954, 270]",False,,True,0.0,False,very_strong,False,"[[1242, 18], [1368, 108], [1134, 288], [1332, 288], [1098, 486], [1170, 774]]",,"[[1596, 624]]",,0.4583726163078833,0.2106339024666517
300,1,2,4.962999999999965,,13518,"[954, 270]",False,,True,0.0,False,very_strong,False,"[[1242, 12], [1368, 102], [1134, 282], [1332, 282], [1098, 480], [1170, 768]]",,"[[1596, 618]]",,0.4583726163078833,0.2106339024666517
301,1,2,4.979000000000042,,13518,"[954, 270]",False,,True,0.0,False,very_strong,False,"[[1242, 6], [1368, 96], [1134, 276], [1332, 276], [1098, 474], [1170, 762]]",,"[[1596, 612]]",,0.45895267477596385,0.21194187613388482
302,1,2,4.996000000000095,,13518,"[954, 270]",False,,True,0.0,False,very_strong,False,"[[1242, 0], [1368, 90], [1134, 270], [1332, 270], [1098, 468], [1170, 756]]",,"[[1596, 606]]",,0.459446944628836,0.2129289424142662
303,1,2,5.013000000000147,,13518,"[954, 270]",False,,True,0.0,False,very_strong,False,"[[1368, 84], [1134, 264], [1332, 264], [1098, 462], [1170, 750]]",,"[[1596, 600]]",,0.45951384055377814,0.21281146686077457
304,1,2,5.029999999999973,,13518,"[954, 270]",False,,True,0.0,False,very_strong,False,"[[1368, 78], [1134, 258], [1332, 258], [1098, 456], [1170, 744]]",,"[[1596, 594]]",,0.45951384055377814,0.21281146686077457
305,1,2,5.046000000000049,,13518,"[954, 270]",False,,True,0.0,False,very_strong,False,"[[1368, 72], [1134, 252], [1332, 252], [1098, 450], [1170, 738], [1206, 810]]",,"[[1596, 588]]",,0.45942926536469353,0.21356108334890012
306,1,2,5.063000000000102,,13518,"[954, 270]",False,Right,True,0.0,False,very_strong,False,"[[1368, 66], [1134, 246], [1332, 246], [1098, 444], [1170, 732], [1206, 804]]",,"[[1590, 582]]",,0.45942926536469353,0.21356108334890012
307,1,2,5.078999999999951,,13518,"[954, 270]",False,Right,True,0.0,False,very_strong,False,"[[1362, 60], [1128, 240], [1326, 240], [1092, 438], [1164, 726], [1200, 798]]",,"[[1584, 576]]",,0.46064397261733736,0.21362631969434587
308,1,2,5.094000000000051,,13518,"[954, 270]",False,Right,True,0.0,False,very_strong,False,"[[1356, 54], [1122, 234], [1320, 234], [1086, 432], [1158, 720], [1194, 792]]",,"[[1578, 570]]",,0.46064397261733736,0.21362631969434587
309,1,2,5.111000000000104,,13518,"[954, 270]",False,Right,True,0.0,False,very_strong,False,"[[1350, 48], [1116, 228], [1314, 228], [1080, 426], [1152, 714], [1188, 786]]",,"[[1572, 564]]",,0.46478846823425535,0.19504488959541755
310,1,2,5.128000000000156,,13518,"[954, 270]",False,Right,True,0.0,False,very_strong,False,"[[1344, 42], [1110, 222], [1308, 222], [1074, 420], [1146, 708], [1182, 780]]",,"[[1566, 558]]",,0.46588669275314354,0.17707148970493003
311,1,2,5.144999999999982,,13518,"[954, 270]",False,Right,True,0.0,False,very_strong,False,"[[1338, 36], [1104, 216], [1302, 216], [1068, 414], [1140, 702], [1176, 774], [942, 810]]",,"[[1560, 552]]",,0.464893760974738,0.1677130954395062
312,1,2,5.161000000000058,,13518,"[954, 270]",False,Right,True,0.0,False,very_strong,False,"[[1332, 30], [1098, 210], [1296, 210], [1062, 408], [1134, 696], [1170, 768], [936, 804]]",,"[[1554, 546]]",,0.464893760974738,0.1677130954395062
313,1,2,5.177000000000135,,13518,"[954, 270]",False,Right,True,0.0,False,very_strong,False,"[[1326, 24], [1092, 204], [1290, 204], [1056, 402], [1128, 690], [1164, 762], [930, 798]]",,"[[1548, 540]]",,0.46612159717256024,0.16672150369251626
314,1,2,5.19399999999996,,13518,"[954, 270]",False,,True,0.0,False,very_strong,False,"[[1320, 18], [1086, 198], [1284, 198], [1050, 396], [1122, 684], [1158, 756], [924, 792]]",,"[[1548, 534]]",,0.46770521665890874,0.16776343147763395
315,1,2,5.210000000000036,,13518,"[954, 270]",False,,True,0.0,False,very_strong,False,"[[1320, 12], [1086, 192], [1284, 192], [1050, 390], [1122, 678], [1158, 750], [924, 786]]",,"[[1548, 528]]",,0.4687189715165533,0.1691816427944275
316,1,2,5.226000000000113,,13518,"[954, 270]",False,,True,0.0,False,very_strong,False,"[[1320, 6], [1086, 186], [1284, 186], [1050, 384], [1122, 672], [1158, 744], [924, 780]]",,"[[1548, 522]]",,0.47130836066641424,0.1719597684105778
317,1,2,5.241999999999962,,13518,"[954, 270]",False,,True,0.0,False,very_strong,False,"[[1320, 0], [1086, 180], [1284, 180], [1050, 378], [1122, 666], [1158, 738], [924, 774]]",,"[[1548, 516]]",,0.4727098995139059,0.1757090293238407
318,1,2,5.2590000000000146,,13518,"[954, 270]",False,,True,0.0,False,very_strong,False,"[[1086, 174], [1284, 174], [1050, 372], [1122, 660], [1158, 732], [924, 768]]",,"[[1548, 510]]",,0.4729174913782351,0.17622483896154473
319,1,2,5.277000000000044,,13518,"[954, 270]",False,,True,0.0,False,very_strong,False,"[[1086, 168], [1284, 168], [1050, 366], [1122, 654], [1158, 726], [924, 762]]",,"[[1548, 504]]",,0.4722804392517107,0.17640014080412025
320,1,2,5.29300000000012,,13518,"[954, 270]",False,,True,0.0,False,very_strong,False,"[[1086, 162], [1284, 162], [1050, 360], [1122, 648], [1158, 720], [924, 756]]",,"[[1548, 498]]",,0.4719128271271952,0.17558632423420906
321,1,2,5.308999999999969,,13518,"[954, 270]",False,,True,0.0,False,very_strong,False,"[[1086, 156], [1284, 156], [1050, 354], [1122, 642], [1158, 714], [924, 750]]",,"[[1548, 492]]",,0.4707725927708345,0.17602518413281731
322,1,2,5.3250000000000455,,13518,"[954, 270]",False,,True,0.0,False,very_strong,False,"[[1086, 150], [1284, 150], [1050, 348], [1122, 636], [1158, 708], [924, 744]]",,"[[1548, 486]]",,0.47122423482841097,0.17559153605290578
323,1,2,5.341000000000122,,13518,"[954, 270]",False,,True,0.0,False,very_strong,False,"[[1086, 144], [1284, 144], [1050, 342], [1122, 630], [1158, 702], [924, 738]]",,"[[1548, 480]]",,0.4706341949614908,0.1742205659225653
324,1,2,5.356999999999971,,13518,"[954, 270]",False,,True,0.0,False,very_strong,False,"[[1086, 138], [1284, 138], [1050, 336], [1122, 624], [1158, 696], [924, 732]]",,"[[1548, 474]]",,0.47152692951375313,0.1722075620441117
325,1,2,5.374000000000024,,13518,"[954, 270]",False,,True,0.0,False,very_strong,False,"[[1086, 132], [1284, 132], [1050, 330], [1122, 618], [1158, 690], [924, 726]]",,"[[1548, 468]]",,0.47148162471498134,0.17332394836820497
326,1,2,5.391000000000076,,13518,"[954, 270]",False,Left,True,0.0,False,very_strong,False,"[[1086, 126], [1284, 126], [1050, 324], [1122, 612], [1158, 684], [924, 720]]",,"[[1554, 462]]",,0.469557245508511,0.17588464305526152
327,1,2,5.407000000000153,,13518,"[954, 270]",False,Left,True,0.0,False,very_strong,False,"[[1092, 120], [1290, 120], [1056, 318], [1128, 606], [1164, 678], [930, 714]]",,"[[1560, 456]]",,0.46793973446375753,0.17994149245875002
328,1,2,5.4220000000000255,,13518,"[954, 270]",False,Left,True,0.0,False,very_strong,False,"[[1098, 114], [1296, 114], [1062, 312], [1134, 600], [1170, 672], [936, 708]]",,"[[1566, 450]]",,0.46501784562229587,0.19658035662463536
329,1,2,5.439000000000078,,13518,"[954, 270]",False,Left,True,0.0,False,very_strong,False,"[[1104, 108], [1302, 108], [1068, 306], [1140, 594], [1176, 666], [942, 702], [942, 810]]",,"[[1572, 444]]",,0.46501784562229587,0.19658035662463536
330,1,2,5.455000000000155,,13518,"[954, 270]",False,Left,True,0.0,False,very_strong,False,"[[1110, 102], [1308, 102], [1074, 300], [1146, 588], [1182, 660], [948, 696], [948, 804]]",,"[[1578, 438]]",,0.46422963771211273,0.20147541450543072
331,1,2,5.471000000000004,,13518,"[954, 270]",False,Left,True,0.0,False,very_strong,False,"[[1116, 96], [1314, 96], [1080, 294], [1152, 582], [1188, 654], [954, 690], [954, 798]]",,"[[1584, 432]]",,0.46422963771211273,0.20147541450543072
332,1,2,5.48700000000008,,13518,"[954, 270]",False,Left,True,0.0,False,very_strong,False,"[[1122, 90], [1320, 90], [1086, 288], [1158, 576], [1194, 648], [960, 684], [960, 792]]",,"[[1590, 426]]",,0.4663623344068715,0.20363832814340865
333,1,2,5.504000000000133,,13518,"[954, 270]",False,Left,True,0.0,False,very_strong,False,"[[1128, 84], [1326, 84], [1092, 282], [1164, 570], [1200, 642], [966, 678], [966, 786]]",,"[[1596, 420]]",,0.4663623344068715,0.20363832814340865
334,1,2,5.520999999999958,,13518,"[954, 270]",False,Left,True,0.0,False,very_strong,False,"[[1134, 78], [1332, 78], [1098, 276], [1170, 564], [1206, 636], [972, 672], [972, 780]]",,"[[1602, 414]]",,0.46624934025463405,0.20767041772668782
335,1,2,5.538000000000011,,13518,"[954, 270]",False,Left,True,0.0,False,very_strong,False,"[[1140, 72], [1338, 72], [1104, 270], [1176, 558], [1212, 630], [978, 666], [978, 774]]",,"[[1608, 408]]",,0.46624934025463405,0.20767041772668782
336,1,2,5.555000000000064,,13518,"[954, 270]",False,Left,True,0.0,False,very_strong,False,"[[1146, 66], [1344, 66], [1110, 264], [1182, 552], [1218, 624], [984, 660], [984, 768]]",,"[[1614, 402]]",,0.466188271327875,0.2139533371515958
337,1,2,5.572000000000116,,13518,"[954, 270]",False,,True,0.0,False,very_strong,False,"[[1152, 60], [1350, 60], [1116, 258], [1188, 546], [1224, 618], [990, 654], [990, 762]]",,"[[1614, 396]]",,0.466188271327875,0.2139533371515958
338,1,2,5.587999999999965,,13518,"[954, 270]",False,,True,0.0,False,very_strong,False,"[[1152, 54], [1350, 54], [1116, 252], [1188, 540], [1224, 612], [990, 648], [990, 756]]",,"[[1614, 390]]",,0.4658782693321911,0.21442180066857353
339,1,2,5.605000000000018,,13518,"[954, 270]",False,,True,0.0,False,very_strong,False,"[[1152, 48], [1350, 48], [1116, 246], [1188, 534], [1224, 606], [990, 642], [990, 750]]",,"[[1614, 384]]",,0.4658782693321911,0.21442180066857353
340,1,2,5.621000000000095,,13518,"[954, 270]",False,,True,0.0,False,very_strong,False,"[[1152, 42], [1350, 42], [1116, 240], [1188, 528], [1224, 600], [990, 636], [990, 744]]",,"[[1614, 378]]",,0.465591184245595,0.21050695700364386
341,1,2,5.638000000000147,,13518,"[954, 270]",False,,True,0.0,False,very_strong,False,"[[1152, 36], [1350, 36], [1116, 234], [1188, 522], [1224, 594], [990, 630], [990, 738]]",,"[[1614, 372]]",,0.465591184245595,0.21050695700364386
342,1,2,5.653999999999996,,13518,"[954, 270]",False,,True,0.0,False,very_strong,False,"[[1152, 30], [1350, 30], [1116, 228], [1188, 516], [1224, 588], [990, 624], [990, 732]]",,"[[1614, 366]]",,0.4651689218881372,0.20603739690484113
343,1,2,5.670000000000073,,13518,"[954, 270]",False,,True,0.0,False,very_strong,False,"[[1152, 24], [1350, 24], [1116, 222], [1188, 510], [1224, 582], [990, 618], [990, 726]]",,"[[1614, 360]]",,0.4651689218881372,0.20603739690484113
344,1,2,5.688000000000102,,13518,"[954, 270]",False,,True,0.0,False,very_strong,False,"[[1152, 18], [1350, 18], [1116, 216], [1188, 504], [1224, 576], [990, 612], [990, 720]]",,"[[1614, 354]]",,0.4669684351129266,0.1991202195269276
345,1,2,5.705000000000155,,13518,"[954, 270]",False,,True,0.0,False,very_strong,False,"[[1152, 12], [1350, 12], [1116, 210], [1188, 498], [1224, 570], [990, 606], [990, 714]]",,"[[1614, 348]]",,0.4669684351129266,0.1991202195269276
346,1,2,5.721000000000004,,13518,"[954, 270]",False,,True,0.0,False,very_strong,False,"[[1152, 6], [1350, 6], [1116, 204], [1188, 492], [1224, 564], [990, 600], [990, 708]]",,"[[1614, 342]]",,0.4680642610994446,0.20125589397819266
347,1,2,5.738000000000056,,13518,"[954, 270]",False,,True,0.0,False,very_strong,False,"[[1152, 0], [1350, 0], [1116, 198], [1188, 486], [1224, 558], [990, 594], [990, 702]]",,"[[1614, 336]]",,0.4680642610994446,0.20125589397819266
348,1,2,5.754000000000133,,13518,"[954, 270]",False,,True,0.0,False,very_strong,False,"[[1116, 192], [1188, 480], [1224, 552], [990, 588], [990, 696]]",,"[[1614, 330]]",,0.4682695104001603,0.201859799802121
349,1,2,5.772000000000162,,13518,"[954, 270]",False,,True,0.0,False,very_strong,False,"[[1116, 186], [1188, 474], [1224, 546], [990, 582], [990, 690]]",,"[[1614, 324], [708, 810]]",,0.4682695104001603,0.201859799802121
350,1,2,5.788000000000011,,13518,"[954, 270]",False,,True,0.0,False,very_strong,False,"[[1116, 180], [1188, 468], [1224, 540], [990, 576], [990, 684]]",,"[[1614, 318], [708, 804]]",,0.46879412908273216,0.206657443456299
351,1,2,5.804000000000087,,13518,"[954, 270]",False,,True,0.0,False,very_strong,False,"[[1116, 174], [1188, 462], [1224, 534], [990, 570], [990, 678]]",,"[[1614, 312], [708, 798]]",,0.46879412908273216,0.206657443456299
352,1,2,5.820000000000164,,13518,"[954, 270]",False,,True,1.0,False,very_strong,False,"[[1116, 168], [1188, 456], [1224, 528], [990, 564], [990, 672]]",,"[[1614, 306], [708, 792]]",,0.4681922762756516,0.21233718451496109
353,1,2,5.836000000000013,,13518,"[954, 270]",False,,True,1.0,False,very_strong,False,"[[1116, 162], [1188, 450], [1224, 522], [990, 558], [990, 666]]",,"[[1620, 300], [714, 786]]",,0.4681922762756516,0.21233718451496109
354,1,2,5.852000000000089,,13518,"[954, 270]",False,,True,1.0,False,very_strong,False,"[[1122, 156], [1194, 444], [1230, 516], [996, 552], [996, 660]]",,"[[1626, 294], [720, 780]]",,0.46795160374605127,0.21441124778668885
355,1,2,5.8680000000001655,,13518,"[954, 270]",False,Right,True,1.0,False,very_strong,False,"[[1128, 150], [1200, 438], [1236, 510], [1002, 546], [1002, 654]]",,"[[1626, 288], [720, 774]]",,0.46795160374605127,0.21441124778668885
356,1,2,5.8840000000000146,,13518,"[954, 270]",False,Right,True,1.0,False,very_strong,False,"[[1128, 144], [1200, 432], [1236, 504], [1002, 540], [1002, 648], [948, 810]]",,"[[1626, 282], [720, 768]]",,0.46753390801358635,0.2143796764180501
357,1,2,5.901000000000067,,13518,"[954, 270]",False,Right,True,1.0,False,very_strong,False,"[[1128, 138], [1200, 426], [1236, 498], [1002, 534], [1002, 642], [948, 804]]",,"[[1626, 276], [720, 762]]",,0.46753390801358635,0.2143796764180501
358,1,2,5.917000000000144,,13518,"[954, 270]",False,Right,True,1.0,False,very_strong,False,"[[1128, 132], [1200, 420], [1236, 492], [1002, 528], [1002, 636], [948, 798]]",,"[[1626, 270], [720, 756]]",,0.45860204831013524,0.2016102616394977
359,1,2,5.932999999999993,,13518,"[954, 270]",False,Right,True,1.0,False,very_strong,False,"[[1128, 126], [1200, 414], [1236, 486], [1002, 522], [1002, 630], [948, 792]]",,"[[1626, 264], [720, 750]]",,0.45860204831013524,0.2016102616394977
360,1,2,5.949000000000069,,13518,"[954, 270]",False,Right,True,1.0,False,very_strong,False,"[[1128, 120], [1200, 408], [1236, 480], [1002, 516], [1002, 624], [948, 786]]",,"[[1626, 258], [720, 744]]",,0.45720969233783704,0.1972995920795544
361,1,2,5.9650000000001455,,13518,"[954, 270]",False,Right,True,1.0,False,very_strong,False,"[[1128, 114], [1200, 402], [1236, 474], [1002, 510], [1002, 618], [948, 780]]",,"[[1626, 252], [720, 738]]",,0.45720969233783704,0.1972995920795544
362,1,2,5.9809999999999945,,13518,"[954, 270]",False,Right,True,1.0,False,very_strong,False,"[[1128, 108], [1200, 396], [1236, 468], [1002, 504], [1002, 612], [948, 774]]",,"[[1626, 246], [720, 732]]",,0.45594924951217947,0.19271946602230783
363,1,2,5.999000000000024,,13518,"[954, 270]",False,Right,True,1.0,False,very_strong,False,"[[1128, 102], [1200, 390], [1236, 462], [1002, 498], [1002, 606], [948, 768]]",,"[[1626, 240], [720, 726]]",,0.45493002407362626,0.18680467775521803
364,1,2,6.016000000000076,,13518,"[954, 270]",False,,True,1.0,False,very_strong,False,"[[1128, 96], [1200, 384], [1236, 456], [1002, 492], [1002, 600], [948, 762]]",,"[[1632, 234], [726, 720]]",,0.45489550494728803,0.18093336132710502
365,1,2,6.030999999999949,,13518,"[954, 270]",False,,True,1.0,False,very_strong,False,"[[1134, 90], [1206, 378], [1242, 450], [1008, 486], [1008, 594], [954, 756]]",,"[[1638, 228], [732, 714]]",,0.45489550494728803,0.18093336132710502
366,1,2,6.0470000000000255,,13518,"[954, 270]",False,,True,1.0,False,very_strong,False,"[[1140, 84], [1212, 372], [1248, 444], [1014, 480], [1014, 588], [960, 750]]",,"[[1644, 222], [738, 708]]",,0.4535967332154507,0.1771203002981262
367,1,2,6.063000000000102,,13518,"[954, 270]",False,,True,1.0,False,very_strong,False,"[[1146, 78], [1218, 366], [1254, 438], [1020, 474], [1020, 582], [966, 744]]",,"[[1650, 216], [744, 702]]",,0.4535967332154507,0.1771203002981262
368,1,2,6.078999999999951,,13518,"[954, 270]",False,,True,1.0,False,very_strong,False,"[[1152, 72], [1224, 360], [1260, 432], [1026, 468], [1026, 576], [972, 738]]",,"[[1656, 210], [750, 696]]",,0.45369749858044095,0.17674809847659734
369,1,2,6.096000000000004,,13518,"[954, 270]",False,,True,1.0,False,very_strong,False,"[[1158, 66], [1230, 354], [1266, 426], [1032, 462], [1032, 570], [978, 732]]",,"[[1662, 204], [756, 690]]",,0.45207372159227377,0.1784706640359074
370,1,2,6.11200000000008,,13518,"[954, 270]",False,,True,1.0,False,very_strong,False,"[[1164, 60], [1236, 348], [1272, 420], [1038, 456], [1038, 564], [984, 726]]",,"[[1668, 198], [762, 684]]",,0.4507275008331204,0.17987909429642157
371,1,2,6.129000000000133,,13518,"[954, 270]",False,,True,1.0,False,very_strong,False,"[[1170, 54], [1242, 342], [1278, 414], [1044, 450], [1044, 558], [990, 720]]",,"[[1674, 192], [768, 678]]",,0.4504271156349141,0.1814622038344077
372,1,2,6.144999999999982,,13518,"[954, 270]",False,,True,1.0,False,very_strong,False,"[[1176, 48], [1248, 336], [1284, 408], [1050, 444], [1050, 552], [996, 714]]",,"[[1680, 186], [774, 672]]",,0.45020105522960174,0.18902157879817294
373,1,2,6.162000000000035,,13518,"[954, 270]",False,,True,1.0,False,very_strong,False,"[[1182, 42], [1254, 330], [1290, 402], [1056, 438], [1056, 546], [1002, 708]]",,"[[1686, 180], [780, 666]]",,0.45020105522960174,0.18902157879817294
374,1,2,6.179000000000087,,13518,"[954, 270]",False,,True,1.0,False,very_strong,False,"[[1188, 36], [1260, 324], [1296, 396], [1062, 432], [1062, 540], [1008, 702]]",,"[[1692, 174], [786, 660]]",,0.4500623667382011,0.18955159330079974
375,1,2,6.19600000000014,,13518,"[954, 270]",False,,True,1.0,False,very_strong,False,"[[1194, 30], [1266, 318], [1302, 390], [1068, 426], [1068, 534], [1014, 696]]",,"[[1698, 168], [792, 654]]",,0.4516244862689425,0.18576684265684973
376,1,2,6.212999999999965,,13518,"[954, 270]",False,,True,1.0,False,very_strong,False,"[[1200, 24], [1272, 312], [1308, 384], [1074, 420], [1074, 528], [1020, 690]]",,"[[1704, 162], [798, 648]]",,0.45141252289558953,0.18512558218345343
377,1,2,6.230000000000018,,13518,"[954, 270]",False,,True,1.0,False,very_strong,False,"[[1206, 18], [1278, 306], [1314, 378], [1080, 414], [1080, 522], [1026, 684]]",,"[[1710, 156], [804, 642]]",,0.4526695816394552,0.18195739461526994
378,1,2,6.247000000000071,,13518,"[954, 270]",False,,True,1.0,False,very_strong,False,"[[1212, 12], [1284, 300], [1320, 372], [1086, 408], [1086, 516], [1032, 678]]",,"[[1716, 150], [810, 636]]",,0.453038010999877,0.17847728770023452
379,1,2,6.263000000000147,,13518,"[954, 270]",False,,True,1.0,False,very_strong,False,"[[1218, 6], [1290, 294], [1326, 366], [1092, 402], [1092, 510], [1038, 672]]",,"[[1722, 144], [816, 630]]",,0.4526039987151571,0.17494238087186686
380,1,2,6.279999999999973,,13518,"[954, 270]",False,,True,1.0,False,very_strong,False,"[[1224, 0], [1296, 288], [1332, 360], [1098, 396], [1098, 504], [1044, 666]]",,"[[1728, 138], [822, 624]]",,0.4521408596589275,0.17634119607744636
381,1,2,6.296000000000049,,13518,"[954, 270]",False,,True,1.0,False,very_strong,False,"[[1302, 282], [1338, 354], [1104, 390], [1104, 498], [1050, 660]]",,"[[1734, 132], [828, 618]]",,0.4522888558595186,0.17664182671366635
382,1,2,6.3120000000001255,,13518,"[954, 270]",False,,True,1.0,False,very_strong,False,"[[1308, 276], [1344, 348], [1110, 384], [1110, 492], [1056, 654]]",,"[[1740, 126], [834, 612]]",,0.4510071080567359,0.1750149016800704
383,1,2,6.3279999999999745,,13518,"[954, 270]",False,,True,1.0,False,very_strong,False,"[[1314, 270], [1350, 342], [1116, 378], [1116, 486], [1062, 648]]",,"[[1746, 120], [840, 606]]",,0.45013170098211824,0.1724732945821198
384,1,2,6.344000000000051,,13518,"[954, 270]",False,,True,1.0,False,very_strong,False,"[[1320, 264], [1356, 336], [1122, 372], [1122, 480], [1068, 642]]",,"[[1752, 114], [846, 600]]",,0.45013170098211824,0.1724732945821198
385,1,2,6.363000000000056,,13518,"[954, 270]",False,Left,True,1.0,False,very_strong,False,"[[1326, 258], [1362, 330], [1128, 366], [1128, 474], [1074, 636]]",,"[[1764, 108], [858, 594]]",,0.4493309771163324,0.17136376787216312
386,1,2,6.378000000000156,,13518,"[954, 270]",True,,True,1.0,False,very_strong,False,"[[1338, 252], [1374, 324], [1140, 360], [1140, 468], [1086, 630]]",,"[[1770, 102], [864, 588]]",,0.4483845656224886,0.17161243765488732
387,1,2,11.270999999999958,,13518,"[954, 270]",True,,True,1.0,False,very_strong,False,"[[1344, 246], [1380, 318], [1146, 354], [1146, 462], [1092, 624]]",,"[[1770, 102], [864, 588]]",3,0.4373924010027773,0.22904348190558943
